Typ,Gemeindename,AnzahlHardware
Stadt,Aalen,0
Gemeinde,Abstatt,0
Gemeinde,Abtsgmünd,0
Gemeinde,Achberg,0
Stadt,Achern,0
Gemeinde,Achstetten,0
Gemeinde,Adelberg,0
Gemeinde,Adelmannsfelden,0
Stadt,Adelsheim,0
Gemeinde,Affalterbach,0
Gemeinde,Aglasterhausen,0
Gemeinde,Ahorn,0
Gemeinde,Aichelberg,0
Gemeinde,Aichhalden,0
Gemeinde,Aichstetten,0
Stadt,Aichtal,0
Gemeinde,Aichwald,0
Gemeinde,Aidlingen,0
Gemeinde,Aitern,0
Gemeinde,Aitrach,0
Gemeinde,Albbruck,0
Gemeinde,Albershausen,0
Stadt,Albstadt,0
Gemeinde,Aldingen,0
Gemeinde,Alfdorf,0
Gemeinde,Allensbach,0
Gemeinde,Alleshausen,0
Gemeinde,Allmannsweiler,0
Gemeinde,Allmendingen,0
Gemeinde,Allmersbach im Tal,0
Stadt,Alpirsbach,0
Gemeinde,Altbach,0
Gemeinde,Altdorf,0
Gemeinde,Altenriet,0
Stadt,Altensteig,0
Gemeinde,Altheim,0
Gemeinde,Altheim (Alb),0
Gemeinde,Althengstett,0
Gemeinde,Althütte,0
Gemeinde,Altlußheim,0
Gemeinde,Altshausen,0
Gemeinde,Ammerbuch,0
Gemeinde,Amstetten,0
Gemeinde,Amtzell,0
Gemeinde,Angelbachtal,0
Gemeinde,Appenweier,0
Gemeinde,Argenbühl,0
Gemeinde,Aspach,0
Stadt,Asperg,0
Gemeinde,Assamstadt,0
Gemeinde,Asselfingen,0
Gemeinde,Attenweiler,0
Gemeinde,Au,0
Gemeinde,Au am Rhein,0
Gemeinde,Auenwald,0
Gemeinde,Auggen,0
Stadt,Aulendorf,0
Stadt,Backnang,0
Gemeinde,Bad Bellingen,0
Gemeinde,Bad Boll,0
Stadt,Bad Buchau,0
Gemeinde,Bad Ditzenbach,0
Stadt,Bad Dürrheim,0
Stadt,Bad Friedrichshall,0
Stadt,Bad Herrenalb,0
Stadt,Bad Krozingen,0
Stadt,Bad Liebenzell,0
Stadt,Bad Mergentheim,0
Gemeinde,Bad Peterstal-Griesbach,0
Stadt,Bad Rappenau,0
Gemeinde,Bad Rippoldsau-Schapbach,0
Stadt,Bad Säckingen,0
Stadt,Bad Saulgau,0
Gemeinde,Bad Schönborn,0
Stadt,Bad Schussenried,0
Stadt,Bad Teinach-Zavelstein,0
Gemeinde,Bad Überkingen,0
Stadt,Bad Urach,2
Stadt,Bad Waldsee,0
Stadt,Bad Wildbad,0
Stadt,Bad Wimpfen,0
Stadt,Bad Wurzach,0
Stadt,Baden-Baden,0
Gemeinde,Badenweiler,0
Gemeinde,Bahlingen am Kaiserstuhl,0
Gemeinde,Baienfurt,0
Gemeinde,Baiersbronn,0
Gemeinde,Baindt,0
Gemeinde,Balgheim,0
Stadt,Balingen,0
Gemeinde,Ballendorf,0
Gemeinde,Ballrechten-Dottingen,0
Gemeinde,Baltmannsweiler,0
Gemeinde,Balzheim,0
Gemeinde,Bammental,0
Gemeinde,Bärenthal,0
Gemeinde,Bartholomä,0
Stadt,Beilstein,0
Gemeinde,Beimerstetten,0
Gemeinde,Bempflingen,0
Gemeinde,Benningen am Neckar,0
Gemeinde,Berg,0
Gemeinde,Bergatreute,0
Gemeinde,Berghaupten,0
Gemeinde,Berghülen,0
Gemeinde,Berglen,0
Gemeinde,Berkheim,0
Gemeinde,Bermatingen,0
Gemeinde,Bernau im Schwarzwald,0
Gemeinde,Bernstadt,0
Stadt,Besigheim,0
Gemeinde,Betzenweiler,0
Gemeinde,Beuren,0
Gemeinde,Beuron,0
Gemeinde,Biberach,0
Stadt,Biberach an der Riß,0
Gemeinde,Biederbach,0
Gemeinde,Bietigheim,0
Stadt,Bietigheim-Bissingen,0
Gemeinde,Billigheim,0
Gemeinde,Binau,0
Gemeinde,Bingen,0
Gemeinde,Binzen,0
Gemeinde,Birenbach,0
Gemeinde,Birkenfeld,0
Gemeinde,Bischweier,0
Gemeinde,Bisingen,0
Gemeinde,Bissingen an der Teck,0
Gemeinde,Bitz,0
Stadt,Blaubeuren,0
Gemeinde,Blaufelden,0
Stadt,Blaustein,0
Stadt,Blumberg,0
Gemeinde,Böbingen an der Rems,0
Stadt,Böblingen,0
Gemeinde,Bodelshausen,0
Gemeinde,Bodman-Ludwigshafen,0
Gemeinde,Bodnegg,0
Gemeinde,Böhmenkirch,0
Gemeinde,Böllen,0
Gemeinde,Bollschweil,0
Gemeinde,Boms,0
Gemeinde,Bondorf,0
Stadt,Bonndorf im Schwarzwald,0
Stadt,Bönnigheim,0
Stadt,Bopfingen,0
Gemeinde,Börslingen,0
Gemeinde,Börtlingen,0
Gemeinde,Bösingen,0
Gemeinde,Böttingen,0
Gemeinde,Bötzingen,0
Stadt,Boxberg,0
Stadt,Brackenheim,0
Stadt,Bräunlingen,0
Gemeinde,Braunsbach,0
Stadt,Breisach am Rhein,0
Gemeinde,Breitingen,0
Gemeinde,Breitnau,0
Stadt,Bretten,0
Gemeinde,Bretzfeld,0
Gemeinde,Brigachtal,0
Stadt,Bruchsal,0
Gemeinde,Brühl,0
Gemeinde,Bubsheim,0
Stadt,Buchen (Odenwald),0
Gemeinde,Buchenbach,0
Gemeinde,Buchheim,0
Gemeinde,Buggingen,0
Stadt,Bühl,0
Gemeinde,Bühlertal,0
Gemeinde,Bühlertann,0
Gemeinde,Bühlerzell,0
Gemeinde,Burgrieden,0
Gemeinde,Burgstetten,0
Stadt,Burladingen,0
Gemeinde,Büsingen am Hochrhein,0
Stadt,Calw,0
Gemeinde,Cleebronn,0
Stadt,Crailsheim,0
Stadt,Creglingen,0
Gemeinde,Dachsberg (Südschwarzwald),0
Gemeinde,Daisendorf,0
Gemeinde,Dauchingen,0
Gemeinde,Dautmergen,0
Gemeinde,Deckenpfronn,0
Gemeinde,Deggenhausertal,0
Gemeinde,Deggingen,0
Gemeinde,Deilingen,0
Gemeinde,Deißlingen,0
Gemeinde,Deizisau,0
Gemeinde,Denkendorf,0
Gemeinde,Denkingen,0
Gemeinde,Denzlingen,0
Gemeinde,Dettenhausen,0
Gemeinde,Dettenheim,0
Gemeinde,Dettighofen,0
Gemeinde,Dettingen an der Erms,0
Gemeinde,Dettingen an der Iller,0
Gemeinde,Dettingen unter Teck,0
Gemeinde,Dielheim,0
Stadt,Dietenheim,0
Gemeinde,Dietingen,0
Gemeinde,Dischingen,0
Stadt,Ditzingen,0
Gemeinde,Dobel,0
Gemeinde,Dogern,0
Stadt,Donaueschingen,0
Stadt,Donzdorf,0
Gemeinde,Dormettingen,0
Stadt,Dornhan,0
Gemeinde,Dornstadt,0
Stadt,Dornstetten,0
Gemeinde,Dörzbach,0
Gemeinde,Dossenheim,0
Gemeinde,Dotternhausen,0
Gemeinde,Drackenstein,0
Gemeinde,Dunningen,0
Gemeinde,Durbach,0
Gemeinde,Dürbheim,0
Gemeinde,Durchhausen,0
Gemeinde,Durlangen,0
Gemeinde,Dürmentingen,0
Gemeinde,Durmersheim,0
Gemeinde,Dürnau,0
Gemeinde,Dußlingen,0
Gemeinde,Ebenweiler,0
Stadt,Eberbach,0
Gemeinde,Eberdingen,0
Gemeinde,Eberhardzell,0
Stadt,Ebersbach an der Fils,0
Gemeinde,Ebersbach-Musbach,0
Gemeinde,Eberstadt,0
Gemeinde,Ebhausen,0
Gemeinde,Ebringen,0
Gemeinde,Edingen-Neckarhausen,0
Gemeinde,Efringen-Kirchen,0
Gemeinde,Egenhausen,0
Gemeinde,Egesheim,0
Gemeinde,Eggenstein-Leopoldshafen,0
Gemeinde,Eggingen,0
Stadt,Ehingen (Donau),0
Gemeinde,Ehningen,0
Gemeinde,Ehrenkirchen,0
Gemeinde,Eichstegen,0
Gemeinde,Eichstetten am Kaiserstuhl,0
Gemeinde,Eigeltingen,0
Gemeinde,Eimeldingen,0
Gemeinde,Eisenbach (Hochschwarzwald),0
Gemeinde,Eisingen,0
Stadt,Eislingen/Fils,0
Gemeinde,Elchesheim-Illingen,0
Gemeinde,Ellenberg,0
Gemeinde,Ellhofen,0
Stadt,Ellwangen (Jagst),0
Stadt,Elzach,0
Gemeinde,Elztal,0
Gemeinde,Emeringen,0
Gemeinde,Emerkingen,0
Stadt,Emmendingen,0
Gemeinde,Emmingen-Liptingen,0
Gemeinde,Empfingen,0
Stadt,Endingen am Kaiserstuhl,0
Gemeinde,Engelsbrand,0
Stadt,Engen,0
Gemeinde,Engstingen,0
Gemeinde,Eningen unter Achalm,0
Gemeinde,Enzklösterle,0
Gemeinde,Epfenbach,0
Gemeinde,Epfendorf,0
Stadt,Eppelheim,0
Stadt,Eppingen,0
Stadt,Erbach,0
Gemeinde,Erdmannhausen,0
Gemeinde,Eriskirch,0
Gemeinde,Erkenbrechtsweiler,0
Gemeinde,Erlenbach,0
Gemeinde,Erlenmoos,0
Gemeinde,Erligheim,0
Gemeinde,Erolzheim,0
Gemeinde,Ertingen,0
Gemeinde,Eschach,0
Gemeinde,Eschbronn,0
Gemeinde,Eschelbronn,0
Gemeinde,Eschenbach,0
Gemeinde,Essingen,0
Stadt,Esslingen am Neckar,0
Stadt,Ettlingen,0
Gemeinde,Eutingen im Gäu,0
Gemeinde,Fahrenbach,0
Gemeinde,Feldberg (Schwarzwald),0
Stadt,Fellbach,0
Gemeinde,Fichtenau,0
Gemeinde,Fichtenberg,0
Stadt,Filderstadt,0
Gemeinde,Fischerbach,0
Gemeinde,Fischingen,0
Gemeinde,Flein,0
Gemeinde,Fleischwangen,0
Gemeinde,Fluorn-Winzeln,0
Gemeinde,Forbach,0
Gemeinde,Forchheim,0
Stadt,Forchtenberg,0
Gemeinde,Forst,0
Gemeinde,Frankenhardt,0
Gemeinde,Freiamt,0
Stadt,Freiberg am Neckar,0
Stadt,Freiburg im Breisgau,0
Stadt,Freudenberg,0
Stadt,Freudenstadt,0
Gemeinde,Freudental,0
Gemeinde,Frickenhausen,0
Gemeinde,Frickingen,0
Stadt,Fridingen an der Donau,0
Gemeinde,Friedenweiler,0
Stadt,Friedrichshafen,0
Gemeinde,Friesenheim,0
Gemeinde,Friolzheim,0
Gemeinde,Frittlingen,0
Gemeinde,Fröhnd,0
Gemeinde,Fronreute,0
Stadt,Furtwangen im Schwarzwald,0
Stadt,Gaggenau,0
Gemeinde,Gaiberg,0
Gemeinde,Gaienhofen,0
Stadt,Gaildorf,0
Gemeinde,Gailingen am Hochrhein,0
Gemeinde,Gammelshausen,0
Stadt,Gammertingen,0
Gemeinde,Gärtringen,0
Gemeinde,Gäufelden,0
Gemeinde,Gechingen,0
Stadt,Geisingen,0
Stadt,Geislingen,0
Stadt,Geislingen an der Steige,0
Gemeinde,Gemmingen,0
Gemeinde,Gemmrigheim,0
Stadt,Gengenbach,0
Stadt,Gerabronn,0
Stadt,Gerlingen,0
Stadt,Gernsbach,0
Gemeinde,Gerstetten,0
Stadt,Giengen an der Brenz,0
Gemeinde,Gingen an der Fils,0
Gemeinde,Glatten,0
Gemeinde,Glottertal,0
Gemeinde,Göggingen,0
Gemeinde,Gomadingen,0
Gemeinde,Gomaringen,0
Gemeinde,Gondelsheim,0
Stadt,Göppingen,0
Gemeinde,Görwihl,0
Gemeinde,Gosheim,0
Gemeinde,Gottenheim,0
Gemeinde,Gottmadingen,0
Gemeinde,Graben-Neudorf,0
Gemeinde,Grabenstetten,0
Gemeinde,Grafenau,0
Gemeinde,Grafenberg,0
Gemeinde,Grafenhausen,0
Gemeinde,Grenzach-Wyhlen,0
Gemeinde,Griesingen,0
Gemeinde,Grömbach,0
Gemeinde,Großbettlingen,0
Stadt,Großbottwar,0
Gemeinde,Grosselfingen,0
Gemeinde,Großerlach,0
Gemeinde,Großrinderfeld,0
Gemeinde,Gruibingen,0
Gemeinde,Grundsheim,0
Gemeinde,Grünkraut,0
Stadt,Grünsfeld,0
Gemeinde,Gschwend,0
Gemeinde,Guggenhausen,0
Stadt,Güglingen,0
Gemeinde,Gundelfingen,0
Stadt,Gundelsheim,0
Gemeinde,Gunningen,0
Gemeinde,Gutach (Schwarzwaldbahn),0
Gemeinde,Gutach im Breisgau,0
Gemeinde,Gütenbach,0
Gemeinde,Gutenzell-Hürbel,0
Gemeindefreies Gebiet,Gutsbezirk Münsingen,0
Gemeinde,Häg-Ehrsberg,0
Gemeinde,Hagnau am Bodensee,0
Stadt,Haigerloch,0
Stadt,Haiterbach,0
Gemeinde,Hambrücken,0
Gemeinde,Hardheim,0
Gemeinde,Hardt,0
Gemeinde,Hardthausen am Kocher,0
Gemeinde,Hartheim am Rhein,0
Gemeinde,Hasel,0
Stadt,Haslach im Kinzigtal,0
Gemeinde,Haßmersheim,0
Gemeinde,Hattenhofen,0
Stadt,Hausach,0
Gemeinde,Hausen am Bussen,0
Gemeinde,Hausen am Tann,0
Gemeinde,Hausen im Wiesental,0
Gemeinde,Hausen ob Verena,0
Gemeinde,Häusern,0
Stadt,Hayingen,0
Stadt,Hechingen,0
Gemeinde,Heddesbach,0
Gemeinde,Heddesheim,0
Stadt,Heidelberg,0
Stadt,Heidenheim an der Brenz,0
Stadt,Heilbronn,0
Gemeinde,Heiligenberg,0
Gemeinde,Heiligkreuzsteinach,0
Stadt,Heimsheim,0
Gemeinde,Heiningen,0
Stadt,Heitersheim,0
Gemeinde,Helmstadt-Bargen,0
Gemeinde,Hemmingen,0
Stadt,Hemsbach,0
Gemeinde,Herbertingen,0
Stadt,Herbolzheim,0
Stadt,Herbrechtingen,0
Gemeinde,Herdwangen-Schönach,0
Gemeinde,Hermaringen,0
Gemeinde,Heroldstatt,0
Stadt,Herrenberg,0
Gemeinde,Herrischried,0
Gemeinde,Hessigheim,0
Stadt,Hettingen,0
Stadt,Heubach,0
Gemeinde,Heuchlingen,0
Gemeinde,Heuweiler,0
Gemeinde,Hildrizhausen,0
Gemeinde,Hilzingen,0
Gemeinde,Hinterzarten,0
Gemeinde,Hirrlingen,0
Gemeinde,Hirschberg an der Bergstraße,0
Gemeinde,Hochdorf,0
Gemeinde,Hochdorf,0
Gemeinde,Höchenschwand,0
Stadt,Hockenheim,0
Gemeinde,Höfen an der Enz,0
Gemeinde,Hofstetten,0
Gemeinde,Hohberg,0
Gemeinde,Hohenfels,0
Gemeinde,Hohenstadt,0
Gemeinde,Hohenstein,0
Gemeinde,Hohentengen,0
Gemeinde,Hohentengen am Hochrhein,0
Stadt,Holzgerlingen,0
Gemeinde,Holzkirch,0
Gemeinde,Holzmaden,0
Gemeinde,Höpfingen,0
Stadt,Horb am Neckar,0
Gemeinde,Horben,0
Gemeinde,Horgenzell,0
Stadt,Hornberg,0
Gemeinde,Hoßkirch,0
Gemeinde,Hüffenhardt,0
Stadt,Hüfingen,0
Gemeinde,Hügelsheim,0
Gemeinde,Hülben,0
Gemeinde,Hüttisheim,0
Gemeinde,Hüttlingen,0
Gemeinde,Ibach,0
Gemeinde,Iffezheim,0
Gemeinde,Igersheim,0
Gemeinde,Iggingen,0
Gemeinde,Ihringen,0
Gemeinde,Illerkirchberg,0
Gemeinde,Illerrieden,0
Gemeinde,Illingen,0
Gemeinde,Illmensee,0
Gemeinde,Ilsfeld,0
Stadt,Ilshofen,0
Gemeinde,Ilvesheim,0
Gemeinde,Immendingen,0
Gemeinde,Immenstaad am Bodensee,0
Stadt,Ingelfingen,0
Gemeinde,Ingersheim,0
Gemeinde,Ingoldingen,0
Gemeinde,Inzigkofen,0
Gemeinde,Inzlingen,0
Gemeinde,Irndorf,0
Stadt,Isny im Allgäu,0
Gemeinde,Ispringen,0
Gemeinde,Ittlingen,0
Gemeinde,Jagsthausen,0
Gemeinde,Jagstzell,0
Gemeinde,Jestetten,0
Gemeinde,Jettingen,0
Gemeinde,Jungingen,0
Gemeinde,Kaisersbach,0
Gemeinde,Kämpfelbach,0
Stadt,Kandern,0
Gemeinde,Kanzach,0
Gemeinde,Kappel-Grafenhausen,0
Gemeinde,Kappelrodeck,0
Gemeinde,Karlsbad,0
Gemeinde,Karlsdorf-Neuthard,0
Stadt,Karlsruhe,0
Stadt,Kehl,0
Gemeinde,Keltern,0
Stadt,Kenzingen,0
Gemeinde,Kernen im Remstal,0
Gemeinde,Ketsch,0
Gemeinde,Kieselbronn,0
Gemeinde,Kippenheim,0
Gemeinde,Kirchardt,0
Gemeinde,Kirchberg an der Iller,0
Stadt,Kirchberg an der Jagst,0
Gemeinde,Kirchberg an der Murr,0
Gemeinde,Kirchdorf an der Iller,0
Gemeinde,Kirchentellinsfurt,0
Gemeinde,Kirchheim am Neckar,0
Gemeinde,Kirchheim am Ries,0
Stadt,Kirchheim unter Teck,0
Gemeinde,Kirchzarten,0
Gemeinde,Kißlegg,0
Gemeinde,Kleines Wiesental,0
Gemeinde,Klettgau,0
Stadt,Knittlingen,0
Gemeinde,Kohlberg,0
Gemeinde,Kolbingen,0
Gemeinde,Köngen,0
Gemeinde,Königheim,0
Gemeinde,Königsbach-Stein,0
Gemeinde,Königsbronn,0
Gemeinde,Königseggwald,0
Gemeinde,Königsfeld im Schwarzwald,0
Gemeinde,Königsheim,0
Stadt,Konstanz,0
Gemeinde,Korb,0
Stadt,Korntal-Münchingen,0
Stadt,Kornwestheim,0
Stadt,Kraichtal,0
Gemeinde,Krauchenwies,0
Stadt,Krautheim,0
Gemeinde,Kreßberg,0
Gemeinde,Kressbronn am Bodensee,0
Gemeinde,Kronau,0
Gemeinde,Kuchen,0
Stadt,Külsheim,0
Stadt,Künzelsau,0
Gemeinde,Kupferzell,0
Stadt,Kuppenheim,0
Gemeinde,Kürnbach,0
Gemeinde,Küssaberg,0
Gemeinde,Kusterdingen,0
Stadt,Ladenburg,0
Stadt,Lahr/Schwarzwald,0
Stadt,Laichingen,0
Gemeinde,Langenargen,0
Stadt,Langenau,0
Gemeinde,Langenbrettach,0
Stadt,Langenburg,0
Gemeinde,Langenenslingen,0
Stadt,Lauchheim,0
Gemeinde,Lauchringen,0
Stadt,Lauda-Königshofen,0
Gemeinde,Laudenbach,0
Gemeinde,Lauf,0
Stadt,Laufenburg (Baden),0
Stadt,Lauffen am Neckar,0
Stadt,Laupheim,0
Gemeinde,Lautenbach,0
Gemeinde,Lauterach,0
Gemeinde,Lauterbach,0
Stadt,Lauterstein,0
Gemeinde,Lehrensteinsfeld,0
Gemeinde,Leibertingen,0
Stadt,Leimen,0
Stadt,Leinfelden-Echterdingen,0
Stadt,Leingarten,0
Gemeinde,Leinzell,0
Gemeinde,Lenningen,0
Gemeinde,Lenzkirch,0
Stadt,Leonberg,0
Gemeinde,Leutenbach,0
Stadt,Leutkirch im Allgäu,0
Stadt,Lichtenau,0
Gemeinde,Lichtenstein,0
Gemeinde,Lichtenwald,0
Gemeinde,Limbach,0
Gemeinde,Linkenheim-Hochstetten,0
Gemeinde,Lobbach,0
Gemeinde,Löchgau,0
Gemeinde,Loffenau,0
Stadt,Löffingen,0
Gemeinde,Lonsee,0
Stadt,Lorch,0
Stadt,Lörrach,0
Gemeinde,Loßburg,0
Gemeinde,Lottstetten,0
Stadt,Löwenstein,0
Stadt,Ludwigsburg,0
Gemeinde,Magstadt,0
Stadt,Mahlberg,0
Gemeinde,Mahlstetten,0
Gemeinde,Mainhardt,0
Gemeinde,Malsburg-Marzell,0
Gemeinde,Malsch,0
Gemeinde,Malsch,0
Gemeinde,Malterdingen,0
Stadt,Mannheim,0
Stadt,Marbach am Neckar,0
Gemeinde,March,0
Stadt,Markdorf,0
Stadt,Markgröningen,0
Gemeinde,Marxzell,0
Gemeinde,Maselheim,0
Gemeinde,Massenbachhausen,0
Gemeinde,Mauer,0
Stadt,Maulbronn,0
Gemeinde,Maulburg,0
Gemeinde,Meckenbeuren,0
Gemeinde,Meckesheim,0
Stadt,Meersburg,0
Gemeinde,Mehrstetten,0
Gemeinde,Meißenheim,0
Stadt,Mengen,0
Gemeinde,Merdingen,0
Gemeinde,Merklingen,0
Gemeinde,Merzhausen,0
Stadt,Meßkirch,0
Stadt,Meßstetten,0
Stadt,Metzingen,0
Gemeinde,Michelbach an der Bilz,0
Gemeinde,Michelfeld,0
Gemeinde,Mietingen,0
Gemeinde,Mittelbiberach,0
Stadt,Möckmühl,0
Gemeinde,Mögglingen,0
Gemeinde,Möglingen,0
Gemeinde,Mönchweiler,0
Gemeinde,Mönsheim,0
Gemeinde,Moos,0
Gemeinde,Moosburg,0
Stadt,Mosbach,0
Stadt,Mössingen,0
Gemeinde,Mötzingen,0
Gemeinde,Mudau,0
Gemeinde,Muggensturm,0
Stadt,Mühlacker,0
Gemeinde,Mühlenbach,0
Gemeinde,Mühlhausen,0
Gemeinde,Mühlhausen im Täle,0
Gemeinde,Mühlhausen-Ehingen,0
Stadt,Mühlheim an der Donau,0
Gemeinde,Mühlingen,0
Gemeinde,Mulfingen,0
Stadt,Müllheim,0
Gemeinde,Mundelsheim,0
Stadt,Munderkingen,0
Stadt,Münsingen,0
Gemeinde,Münstertal/Schwarzwald,0
Gemeinde,Murg,0
Gemeinde,Murr,0
Stadt,Murrhardt,0
Gemeinde,Mutlangen,0
Stadt,Nagold,0
Gemeinde,Nattheim,0
Stadt,Neckarbischofsheim,0
Stadt,Neckargemünd,0
Gemeinde,Neckargerach,0
Stadt,Neckarsulm,0
Gemeinde,Neckartailfingen,0
Gemeinde,Neckartenzlingen,0
Gemeinde,Neckarwestheim,0
Gemeinde,Neckarzimmern,0
Gemeinde,Neenstetten,0
Gemeinde,Nehren,0
Gemeinde,Neidenstein,0
Gemeinde,Neidlingen,0
Gemeinde,Nellingen,0
Gemeinde,Nerenstetten,0
Stadt,Neresheim,0
Stadt,Neubulach,0
Stadt,Neudenau,0
Stadt,Neuenbürg,0
Stadt,Neuenburg am Rhein,0
Stadt,Neuenstadt am Kocher,0
Stadt,Neuenstein,0
Stadt,Neuffen,0
Gemeinde,Neufra,0
Gemeinde,Neuhausen,0
Gemeinde,Neuhausen auf den Fildern,0
Gemeinde,Neuhausen ob Eck,0
Gemeinde,Neukirch,0
Gemeinde,Neuler,0
Gemeinde,Neulingen,0
Gemeinde,Neulußheim,0
Gemeinde,Neunkirchen,0
Gemeinde,Neuried,0
Gemeinde,Neustetten,0
Gemeinde,Neuweiler,0
Gemeinde,Niedereschach,0
Stadt,Niedernhall,0
Stadt,Niederstetten,0
Stadt,Niederstotzingen,0
Gemeinde,Niefern-Öschelbronn,0
Gemeinde,Nordheim,0
Gemeinde,Nordrach,0
Gemeinde,Notzingen,0
Gemeinde,Nufringen,0
Stadt,Nürtingen,0
Gemeinde,Nusplingen,0
Gemeinde,Nußloch,0
Gemeinde,Oberboihingen,0
Gemeinde,Oberderdingen,0
Gemeinde,Oberdischingen,0
Gemeinde,Obergröningen,0
Gemeinde,Oberharmersbach,0
Gemeinde,Oberhausen-Rheinhausen,0
Stadt,Oberkirch,0
Stadt,Oberkochen,0
Gemeinde,Obermarchtal,0
Stadt,Oberndorf am Neckar,0
Gemeinde,Obernheim,0
Gemeinde,Oberreichenbach,0
Gemeinde,Oberried,0
Stadt,Oberriexingen,0
Gemeinde,Oberrot,0
Gemeinde,Obersontheim,0
Gemeinde,Oberstadion,0
Gemeinde,Oberstenfeld,0
Gemeinde,Obersulm,0
Gemeinde,Oberteuringen,0
Gemeinde,Oberwolfach,0
Gemeinde,Obrigheim,0
Stadt,Ochsenhausen,0
Gemeinde,Oedheim,0
Gemeinde,Offenau,0
Stadt,Offenburg,0
Gemeinde,Ofterdingen,0
Gemeinde,Oftersheim,0
Gemeinde,Oggelshausen,0
Gemeinde,Ohlsbach,0
Gemeinde,Ohmden,0
Gemeinde,Öhningen,0
Stadt,Öhringen,0
Gemeinde,Ölbronn-Dürrn,0
Gemeinde,Öllingen,0
Gemeinde,Öpfingen,0
Stadt,Oppenau,0
Gemeinde,Oppenweiler,0
Gemeinde,Orsingen-Nenzingen,0
Gemeinde,Ortenberg,0
Gemeinde,Ostelsheim,0
Stadt,Osterburken,0
Stadt,Ostfildern,0
Gemeinde,Ostrach,0
Stadt,Östringen,0
Gemeinde,Ötigheim,0
Gemeinde,Ötisheim,0
Gemeinde,Ottenbach,0
Gemeinde,Ottenhöfen im Schwarzwald,0
Gemeinde,Ottersweier,0
Stadt,Owen,0
Gemeinde,Owingen,0
Gemeinde,Pfaffenhofen,0
Gemeinde,Pfaffenweiler,0
Gemeinde,Pfalzgrafenweiler,0
Gemeinde,Pfedelbach,0
Gemeinde,Pfinztal,0
Stadt,Pforzheim,0
Gemeinde,Pfronstetten,0
Stadt,Pfullendorf,0
Stadt,Pfullingen,0
Stadt,Philippsburg,0
Gemeinde,Plankstadt,0
Gemeinde,Pleidelsheim,0
Gemeinde,Pliezhausen,0
Stadt,Plochingen,0
Gemeinde,Plüderhausen,0
Stadt,Radolfzell am Bodensee,0
Gemeinde,Rainau,0
Gemeinde,Rammingen,0
Gemeinde,Rangendingen,0
Stadt,Rastatt,0
Gemeinde,Ratshausen,0
Stadt,Rauenberg,0
Stadt,Ravensburg,0
Stadt,Ravenstein,0
Gemeinde,Rechberghausen,0
Gemeinde,Rechtenstein,0
Gemeinde,Reichartshausen,0
Gemeinde,Reichenau,0
Gemeinde,Reichenbach am Heuberg,0
Gemeinde,Reichenbach an der Fils,0
Gemeinde,Reilingen,0
Gemeinde,Remchingen,0
Stadt,Remseck am Neckar,0
Gemeinde,Remshalden,0
Stadt,Renchen,0
Stadt,Renningen,0
Gemeinde,Renquishausen,0
Gemeinde,Reute,0
Stadt,Reutlingen,0
Gemeindefreies Gebiet,Rheinau,0
Stadt,Rheinau,0
Stadt,Rheinfelden (Baden),0
Gemeinde,Rheinhausen,0
Gemeinde,Rheinmünster,0
Stadt,Rheinstetten,0
Gemeinde,Rickenbach,0
Gemeinde,Riederich,0
Gemeinde,Riedhausen,0
Stadt,Riedlingen,0
Gemeinde,Riegel am Kaiserstuhl,0
Gemeinde,Rielasingen-Worblingen,0
Gemeinde,Riesbürg,0
Gemeinde,Rietheim-Weilheim,0
Gemeinde,Ringsheim,0
Gemeinde,Rohrdorf,0
Gemeinde,Roigheim,0
Gemeinde,Römerstein,0
Gemeinde,Rosenberg,0
Gemeinde,Rosenberg,0
Stadt,Rosenfeld,0
Gemeinde,Rosengarten,0
Gemeinde,Rot am See,0
Gemeinde,Rot an der Rot,0
Gemeinde,Rottenacker,0
Stadt,Rottenburg am Neckar,0
Stadt,Rottweil,0
Gemeinde,Rudersberg,0
Gemeinde,Rümmingen,0
Gemeinde,Ruppertshofen,0
Gemeinde,Rust,0
Stadt,Rutesheim,0
Stadt,Sachsenheim,0
Gemeinde,Salach,0
Gemeinde,Salem,0
Gemeinde,Sandhausen,0
Gemeinde,Sasbach,0
Gemeinde,Sasbach am Kaiserstuhl,0
Gemeinde,Sasbachwalden,0
Gemeinde,Satteldorf,0
Gemeinde,Sauldorf,0
Gemeinde,Schallbach,0
Gemeinde,Schallstadt,0
Gemeinde,Schechingen,0
Stadt,Scheer,0
Gemeinde,Schefflenz,0
Stadt,Schelklingen,0
Gemeinde,Schemmerhofen,0
Gemeinde,Schenkenzell,0
Stadt,Schiltach,0
Gemeinde,Schlaitdorf,0
Gemeinde,Schlat,0
Gemeinde,Schliengen,0
Gemeinde,Schlier,0
Gemeinde,Schlierbach,0
Gemeinde,Schluchsee,0
Gemeinde,Schnürpflingen,0
Stadt,Schömberg,0
Gemeinde,Schömberg,0
Gemeinde,Schonach im Schwarzwald,0
Gemeinde,Schönaich,0
Stadt,Schönau,0
Stadt,Schönau im Schwarzwald,0
Gemeinde,Schönbrunn,0
Gemeinde,Schönenberg,0
Gemeinde,Schöntal,0
Gemeinde,Schönwald im Schwarzwald,0
Stadt,Schopfheim,0
Gemeinde,Schopfloch,0
Stadt,Schorndorf,0
Stadt,Schramberg,0
Stadt,Schriesheim,0
Stadt,Schrozberg,0
Gemeinde,Schuttertal,0
Gemeinde,Schutterwald,0
Stadt,Schwäbisch Gmünd,0
Stadt,Schwäbisch Hall,0
Stadt,Schwaigern,0
Gemeinde,Schwaikheim,0
Gemeinde,Schwanau,0
Gemeinde,Schwarzach,0
Gemeinde,Schwendi,0
Gemeinde,Schwenningen,0
Stadt,Schwetzingen,0
Gemeinde,Schwieberdingen,0
Gemeinde,Schwörstadt,0
Gemeinde,Seckach,0
Gemeinde,Seebach,0
Gemeinde,Seekirch,0
Gemeinde,Seelbach,0
Gemeinde,Seewald,0
Gemeinde,Seitingen-Oberflacht,0
Gemeinde,Sersheim,0
Gemeinde,Setzingen,0
Gemeinde,Sexau,0
Gemeinde,Siegelsbach,0
Stadt,Sigmaringen,0
Gemeinde,Sigmaringendorf,0
Gemeinde,Simmersfeld,0
Gemeinde,Simmozheim,0
Gemeinde,Simonswald,0
Stadt,Sindelfingen,0
Stadt,Singen (Hohentwiel),0
Stadt,Sinsheim,0
Gemeinde,Sinzheim,0
Gemeinde,Sipplingen,0
Gemeinde,Sölden,0
Gemeinde,Sonnenbühl,0
Gemeinde,Sontheim an der Brenz,0
Stadt,Spaichingen,0
Gemeinde,Spechbach,0
Gemeinde,Spiegelberg,0
Gemeinde,Spraitbach,0
Stadt,St. Blasien,0
Stadt,St. Georgen im Schwarzwald,0
Gemeinde,St. Johann,0
Gemeinde,St. Leon-Rot,0
Gemeinde,St. Märgen,0
Gemeinde,St. Peter,0
Gemeinde,Staig,0
Gemeinde,Starzach,0
Stadt,Staufen im Breisgau,0
Gemeinde,Stegen,0
Gemeinde,Steinach,0
Gemeinde,Steinen,0
Gemeinde,Steinenbronn,0
Gemeinde,Steinhausen an der Rottum,0
Gemeinde,Steinheim am Albuch,0
Stadt,Steinheim an der Murr,0
Gemeinde,Steinmauern,0
Gemeinde,Steißlingen,0
Gemeinde,Sternenfels,0
Gemeinde,Stetten,0
Gemeinde,Stetten am kalten Markt,0
Gemeinde,Stimpfach,0
Stadt,Stockach,0
Gemeinde,Stödtlen,0
Gemeinde,Straßberg,0
Gemeinde,Straubenhardt,0
Stadt,Stühlingen,0
Stadt,Stutensee,0
Stadt,Stuttgart,0
Stadt,Sulz am Neckar,0
Gemeinde,Sulzbach an der Murr,0
Gemeinde,Sulzbach-Laufen,0
Stadt,Sulzburg,0
Gemeinde,Sulzfeld,0
Stadt,Süßen,0
Gemeinde,Täferrot,0
Gemeinde,Talheim,0
Gemeinde,Talheim,0
Gemeinde,Tamm,0
Gemeinde,Tannhausen,0
Gemeinde,Tannheim,0
Stadt,Tauberbischofsheim,0
Stadt,Tengen,0
Gemeinde,Teningen,0
Stadt,Tettnang,0
Gemeinde,Tiefenbach,0
Gemeinde,Tiefenbronn,0
Stadt,Titisee-Neustadt,0
Gemeinde,Todtmoos,0
Stadt,Todtnau,0
Stadt,Triberg im Schwarzwald,0
Stadt,Trochtelfingen,0
Stadt,Trossingen,0
Stadt,Tübingen,0
Gemeinde,Tunau,0
Gemeinde,Tuningen,0
Stadt,Tuttlingen,0
Stadt,Überlingen,0
Gemeinde,Ubstadt-Weiher,0
Stadt,Uhingen,0
Gemeinde,Uhldingen-Mühlhofen,0
Gemeinde,Ühlingen-Birkendorf,0
Stadt,Ulm,0
Gemeinde,Umkirch,0
Gemeinde,Ummendorf,0
Gemeinde,Unlingen,0
Gemeinde,Untereisesheim,0
Gemeinde,Unterensingen,0
Gemeinde,Untergruppenbach,0
Gemeinde,Unterkirnach,0
Gemeinde,Untermarchtal,0
Gemeinde,Untermünkheim,0
Gemeinde,Unterreichenbach,0
Gemeinde,Unterschneidheim,0
Gemeinde,Unterstadion,0
Gemeinde,Unterwachingen,0
Gemeinde,Unterwaldhausen,0
Gemeinde,Urbach,0
Gemeinde,Uttenweiler,0
Gemeinde,Utzenfeld,0
Stadt,Vaihingen an der Enz,0
Stadt,Vellberg,0
Stadt,Veringenstadt,0
Gemeinde,Villingendorf,0
Stadt,Villingen-Schwenningen,0
Gemeinde,Vogt,0
Stadt,Vogtsburg im Kaiserstuhl,0
Stadt,Vöhrenbach,0
Gemeinde,Vöhringen,0
Gemeinde,Volkertshausen,0
Gemeinde,Vörstetten,0
Stadt,Waghäusel,0
Stadt,Waiblingen,2
Stadt,Waibstadt,0
Gemeinde,Wain,0
Gemeinde,Wald,0
Gemeinde,Waldachtal,0
Gemeinde,Waldbronn,0
Gemeinde,Waldbrunn,0
Gemeinde,Waldburg,0
Gemeinde,Walddorfhäslach,0
Stadt,Waldenbuch,0
Stadt,Waldenburg,0
Stadt,Waldkirch,0
Stadt,Waldshut-Tiengen,0
Gemeinde,Waldstetten,0
Gemeinde,Walheim,0
Stadt,Walldorf,0
Stadt,Walldürn,0
Gemeinde,Wallhausen,0
Gemeinde,Walzbachtal,0
Gemeinde,Wangen,0
Stadt,Wangen im Allgäu,0
Gemeinde,Wannweil,0
Gemeinde,Warthausen,0
Gemeinde,Wäschenbeuren,0
Gemeinde,Wehingen,0
Stadt,Wehr,0
Gemeinde,Weidenstetten,0
Stadt,Weikersheim,0
Stadt,Weil am Rhein,0
Stadt,Weil der Stadt,0
Gemeinde,Weil im Schönbuch,0
Gemeinde,Weilen unter den Rinnen,0
Gemeinde,Weilheim,0
Stadt,Weilheim an der Teck,0
Stadt,Weingarten,0
Gemeinde,Weingarten (Baden),0
Stadt,Weinheim,0
Stadt,Weinsberg,0
Stadt,Weinstadt,0
Gemeinde,Weisenbach,0
Gemeinde,Weissach,0
Gemeinde,Weissach im Tal,0
Gemeinde,Weißbach,0
Gemeinde,Weisweil,0
Gemeinde,Wellendingen,0
Stadt,Welzheim,0
Gemeinde,Wembach,0
Stadt,Wendlingen am Neckar,0
Gemeinde,Werbach,0
Stadt,Wernau (Neckar),0
Stadt,Wertheim,0
Gemeinde,Westerheim,0
Gemeinde,Westerstetten,0
Gemeinde,Westhausen,0
Stadt,Widdern,0
Gemeinde,Wieden,0
Gemeinde,Wiernsheim,0
Gemeinde,Wiesenbach,0
Stadt,Wiesensteig,0
Stadt,Wiesloch,0
Stadt,Wildberg,0
Gemeinde,Wilhelmsdorf,0
Gemeinde,Wilhelmsfeld,0
Gemeinde,Willstätt,0
Gemeinde,Wimsheim,0
Gemeinde,Winden im Elztal,0
Stadt,Winnenden,0
Gemeinde,Winterbach,0
Gemeinde,Winterlingen,0
Gemeinde,Wittighausen,0
Gemeinde,Wittlingen,0
Gemeinde,Wittnau,0
Stadt,Wolfach,0
Gemeinde,Wolfegg,0
Gemeinde,Wolfschlugen,0
Gemeinde,Wolpertshausen,0
Gemeinde,Wolpertswende,0
Gemeinde,Wörnersberg,0
Gemeinde,Wört,0
Gemeinde,Wurmberg,0
Gemeinde,Wurmlingen,0
Gemeinde,Wüstenrot,0
Gemeinde,Wutach,0
Gemeinde,Wutöschingen,0
Gemeinde,Wyhl am Kaiserstuhl,0
Gemeinde,Zaberfeld,0
Gemeinde,Zaisenhausen,0
Stadt,Zell am Harmersbach,0
Stadt,Zell im Wiesental,0
Gemeinde,Zell unter Aichelberg,0
Gemeinde,Zimmern ob Rottweil,0
Gemeinde,Zimmern unter der Burg,0
Gemeinde,Zuzenhausen,0
Gemeinde,Zweiflingen,0
Gemeinde,Zwiefalten,0
Gemeinde,Zwingenberg,0
